value,lat,lon
"1.4215097019574543",38.2067584170162,-344.44508400997375
"24.237356014609258",38.20595214833416,-344.44746544645994
"3.106400189816433",38.206447115809496,-344.4414345753103
"19.771650171001543",38.20592746581916,-344.44954894799304
"29.09052431752207",38.20650653028805,-344.44548617681295
"13.22141448877403",38.20587512089869,-344.45039619956015
"4.192982576380048",38.20577483522734,-344.45087094901214
"20.412673627394973",38.206856610615226,-344.4459520301079
"24.74606933966961",38.206849999485016,-344.44457156903115
"12.867361344384314",38.20653331470263,-344.4459491939977
"28.1274308142197",38.205683206304265,-344.44909200059885
"22.302425280413363",38.20564033544944,-344.4455837741825
"4.2282113168479505",38.206418060659715,-344.4453386151054
"6.358510857295322",38.206326361083896,-344.4433478401907
"21.8790504456514",38.206847230996836,-344.4425117895346
"14.336620714629912",38.2069689440857,-344.44922495816263
"9.228983120107362",38.20640353002249,-344.4455565066818
"20.259235913258237",38.20564659892616,-344.44123488177354
"18.770325267447483",38.205530758705244,-344.4461223572467
"7.483238181134661",38.20556547864708,-344.4410694118209
"12.174670221827965",38.20665674127472,-344.44267536930073
"2.8033308842719364",38.205980990988735,-344.4475835018018
"24.8177062296423",38.20591953586472,-344.45050238734245
"22.257202605688764",38.206587792008364,-344.44609007743384
"2.3423458387493237",38.204035346147116,-344.45175891060524
"14.819055033988743",38.20500049841447,-344.4469960211658
"23.553904182967685",38.20689698556218,-344.44603234835904
"11.756197871934905",38.20515320278144,-344.4467070187376
"21.856915747186196",38.20663797762439,-344.44941599742015
"28.15581628351608",38.20560163590092,-344.4478382585395
"11.737353502059575",38.20634761402211,-344.4411070242111
"2.4353111734217316",38.20637356409475,-344.4413714541807
"7.11228400942294",38.20633558450259,-344.439626260814
"26.527354514699017",38.20489196524682,-344.4451300375667
"5.718647589727603",38.20461523189347,-344.4405165477844
"23.22795098553746",38.20387066976334,-344.4468683241785
"10.286171693252538",38.203631381705804,-344.44789488680067
"4.939830928529762",38.20369015828699,-344.43996395825445
"17.50158913951107",38.20604287716462,-344.44909974639813
"13.824267139390635",38.205212701840104,-344.4479452622496
"11.190371937268022",38.20340132910291,-344.44078273133255
"10.045669066934805",38.20369409982462,-344.44696770379784
"8.399672333758238",38.2038804745562,-344.44115063789974
"24.213863389091397",38.203638241928914,-344.4514571494164
"3.052245038056759",38.20338458165576,-344.44523977245296
"19.092192401178874",38.203998288520246,-344.4450396671923
"21.821212852028008",38.203496552775434,-344.44502067011587
"30.137616109583014",38.203846016956746,-344.44906145012544
"11.30140267318837",38.2036797451662,-344.44366464067554
"1.7268737666314817",38.20343418500638,-344.44896243120263
"27.168982242334945",38.20383690846867,-344.4394787684682
"5.991083830299312",38.203612842646244,-344.4522621456146
"2.7749293950812994",38.20345346609101,-344.4509614650807
"13.788867548797352",38.20353452019592,-344.4488563851449
"10.586048430129036",38.20397182649313,-344.4443481801082
"29.718751884961907",38.20371113175288,-344.43972788649523
"14.876550801977832",38.20343869767465,-344.4480135828115
"30.25340700720466",38.203989891272336,-344.44242189233296
"16.664461850156826",38.20350473978601,-344.44877466446655
"25.447661815257902",38.20371155563309,-344.44482230400325
"27.105584665824583",38.202517197010216,-344.4404948281314
"17.8812137406525",38.203079487168495,-344.44727760521454
"12.445505092863986",38.20311380310613,-344.4485479126767
"1.5263318754414437",38.20385404406915,-344.45190204983993
"26.14768277926452",38.20205907080828,-344.44899588443565
"22.099416985569736",38.20389363509934,-344.4433330509896
"19.227717563895414",38.202239812416416,-344.4466987426888
"4.983633817298287",38.20350147037755,-344.4396654557473
"6.940064495666519",38.20231624999811,-344.44508697553573
"23.019451087599347",38.20390969082724,-344.4529315154095
"17.34569804329382",38.202726231765254,-344.44335444818034
"10.68715401702969",38.203297328179616,-344.44507376398343
"5.294947603335279",38.20190202703912,-344.4401016420346
"13.82272085959162",38.20369583840408,-344.4458304926661
"5.250978957414011",38.202704175420635,-344.4404006371446
"18.48800596313454",38.20389121474651,-344.43909146629386
"24.3417714204923",38.203478973649815,-344.44166817265096
"30.00256794796705",38.203708568735806,-344.45282834769984
"23.319990000328136",38.202094630635145,-344.44856608113463
"9.799885952534046",38.204017146547876,-344.44074711640747
"12.572738723423218",38.201574978455064,-344.4415474422232
"26.3790161261501",38.2016786703988,-344.45358066334416
"7.537425895583233",38.20164206268256,-344.4461591932373
"25.395540062537307",38.20173276808156,-344.4470825159382
"9.817801017630067",38.201579613076774,-344.4519118672632
"22.177073914632516",38.20167203930361,-344.44339241067183
"3.1574177509251813",38.20178550271125,-344.44547136388854
"3.174239590999627",38.20169917280569,-344.4420662682215
"18.644602894032527",38.201608933023905,-344.44205542798426
"29.543841904491263",38.201568313214665,-344.4526906713247
"3.8199267375882053",38.201664054825706,-344.44162906382445
"9.831905847544988",38.20157621695076,-344.4419646908929
"6.740785503155075",38.20168323639335,-344.4449936897624
"17.025769241195388",38.2017255672946,-344.4435567496799
"9.562151031658836",38.20166199420834,-344.444272736348
"26.39674502090976",38.201616597233524,-344.44478684775885
"16.767530419618037",38.20172786654141,-344.45156162710583
"10.42498683529325",38.20177350413916,-344.442049859974
"27.141714093328076",38.201668511845064,-344.4421240134031
"25.15487750671804",38.20169218805203,-344.45102370913577
"13.69102038920342",38.201275933492695,-344.45307728495794
"12.53055274440164",38.19995099628296,-344.4524077000431
"17.47359548772225",38.20027891353551,-344.4417693388976
"2.7460246435624183",38.1998493791062,-344.44449742475774
"18.86615166244147",38.20091123651089,-344.45258217943575
"6.772409827192659",38.2012021751733,-344.4531658847593
"11.894027037058944",38.20094368747765,-344.4556826769519
"3.340813237081778",38.20028290778666,-344.4429488706273
"22.725835193068562",38.20102637813182,-344.4452108559838
"14.010569037233871",38.20078018746889,-344.4423076593932
"4.340915279722305",38.20112770798904,-344.45313461358774
"5.489311452354519",38.20007932566233,-344.44656942813526
"7.355669889480207",38.20093580756977,-344.4541497009904
"28.59586017366614",38.20042692047393,-344.44684544136607
"6.638283892472082",38.19982804042047,-344.4474351881453
"14.069787039178921",38.200597588527046,-344.44524931252164
"9.238433489908108",38.20024745646861,-344.4443254677161
"21.74323390318538",38.200005010038545,-344.4496668591622
"26.219575513532277",38.200598093588276,-344.45659384850455
"5.679245915089503",38.20063793544882,-344.45641866534885
"1.0824419387028241",38.199731508607314,-344.4497373561377
"2.0398452484565923",38.19971858091251,-344.449655566324
"27.935472779995397",38.19972337393381,-344.4545828020463
"8.286488531858451",38.199699871346446,-344.45391955327915
"16.514964117002602",38.19971825615627,-344.4514997651351
"18.851823624456856",38.19967569369739,-344.4526422257224
"27.098047584577376",38.19968526980246,-344.4427662515419
"3.7650523618117084",38.199717913308945,-344.4453730620187
"24.806645057143857",38.19968848471444,-344.44670965875997
"27.591066831752286",38.19969845619636,-344.4516311871957
"9.76364611707768",38.19973690749653,-344.45215170494885
"11.843713441022278",38.19971758135247,-344.4456194991568
"12.828418567954513",38.19968820596209,-344.44670296417354
"15.248945106045488",38.19971760530652,-344.4531895156721
"18.584671381824442",38.19973505087338,-344.45362093404026
"23.584261138749135",38.199720134343366,-344.4464505004902
"8.057453170677732",38.19973410833581,-344.45103418557113
"20.405074641546744",38.19968383744539,-344.4457225682439
"8.026885824029847",38.199687083815704,-344.44578134114636
"29.312158200917192",38.19967365683787,-344.4505513991414
"20.763695931793634",38.19749517820266,-344.4603527502617
"23.33594492866368",38.19953107432621,-344.4536343466228
"14.007008353350518",38.19895657370737,-344.4594390965595
"12.230771079943352",38.19891392181521,-344.4527228095874
"15.091119092356356",38.19813722997602,-344.45427132273903
"27.782222800000504",38.19755881596743,-344.44719457432643
"12.616461629413475",38.19807968590543,-344.45441175529805
"3.4514019522014263",38.19733440972808,-344.44453867963847
"27.684088979759572",38.19755242435374,-344.4524802659609
"4.738206887206628",38.197711741807616,-344.4522792240159
"9.339714521683334",38.19733396334365,-344.45484384870815
"11.1949394362685",38.19853627320293,-344.4617076555549
"17.9658308627563",38.19892852031193,-344.46009825301627
"25.948998448566076",38.19819517875261,-344.4530636949691
"8.167137941928729",38.19862010926686,-344.4567171031644
"12.34194968471633",38.19916617495458,-344.4607602962748
"17.36729451175655",38.19866539240412,-344.450879001462
"9.1444055640073",38.198298901403966,-344.4584184895556
"12.651159915454748",38.19859588700496,-344.4582325714665
"22.478420278306196",38.19785400562061,-344.4539246949905
"26.349176150826963",38.197262647364106,-344.45461314276224
"9.811482380692786",38.19725891310005,-344.4615711720514
"24.10443242534817",38.197279949798045,-344.44803782107863
"24.12435098477614",38.19724950316772,-344.45253964505025
"18.726492253960085",38.19726535526063,-344.44403689783036
"8.570726147045706",38.19726103511965,-344.46107232087775
"21.377092343401",38.19727066881909,-344.4468032123147
"15.779089922106179",38.19729198654304,-344.46017576434366
"4.949083113430243",38.19727509412831,-344.448000491513
"26.195125699856167",38.197308870146,-344.45319943357265
"18.03639692742338",38.197310922305135,-344.44443151038735
"9.90131315446017",38.19724581063308,-344.4603529012857
"25.73963068588798",38.197278436225815,-344.4561008420242
"5.531211656017586",38.19725219964764,-344.4531698829279
"30.629387154322636",38.19731126728929,-344.453316506172
"22.254386121318856",38.197298693107875,-344.45070550463396
"25.33051790627235",38.197301655408474,-344.44988865363746
"6.722693379778583",38.19728943642284,-344.4510230137273
"5.521159184016909",38.19725524616898,-344.4478810951198
"9.858211329235107",38.19725285966875,-344.45295573602135
"9.153523357868117",38.19649971187856,-344.4646490642318
"22.13961119568261",38.19579043544898,-344.4475783666098
"12.044963288183443",38.1962926638111,-344.46365407634033
"3.080533628497867",38.19605316496161,-344.46199882537593
"14.59045356871989",38.196671052623195,-344.4610544958651
"24.021717784398202",38.196915269029944,-344.4496094049035
"12.990117839900503",38.19617938286518,-344.4585144715634
"18.39412842268831",38.1967960878318,-344.4630263014413
"7.362871571547746",38.19548485679003,-344.45224964521833
"24.041237079785944",38.19604715265815,-344.46250647796944
"14.281565436569982",38.19550230894327,-344.4477791404369
"24.848753730576536",38.196155065440664,-344.4439089720068
"19.854106067140492",38.19677717403774,-344.4625164098236
"5.7492604150464235",38.19635828922136,-344.4646166058695
"13.568823037235685",38.195338238634044,-344.45764782359674
"22.880676058726564",38.195549163768696,-344.46157308883056
"28.46125284593805",38.19541411908428,-344.45363739309016
"27.79307286829366",38.195328181670064,-344.46408553887545
"2.714961287551311",38.195601621896955,-344.45114533790615
"12.117766074103901",38.19558199747846,-344.45184747743383
"14.601804209103832",38.19479199138222,-344.44630350505105
"22.46203292042732",38.195042322403175,-344.45368873546823
"16.405031958019347",38.19505601480696,-344.4533803984663
"3.097812068924867",38.19526102311364,-344.46606096087373
"3.251495019782923",38.194804191144335,-344.4592827221844
"21.461747546601572",38.19492498481846,-344.44726965101364
"8.22400591761299",38.19490724291256,-344.44778556057605
"20.444083824094722",38.194755161807564,-344.4451899165472
"3.2886876842889947",38.19506072289999,-344.4611257452699
"20.304592988938165",38.19483676840334,-344.45396398260755
"11.291170270392838",38.19490913650295,-344.4496464840648
"30.585354389936796",38.194934207400884,-344.4565039973923
"24.77119486117216",38.194770590473325,-344.4541007249002
"18.51721778199275",38.194981444276195,-344.4592466008469
"13.664102286015474",38.19518163236842,-344.4528320846659
"16.169581561135935",38.19522100204062,-344.4505804513945
"4.191385030992578",38.19485648479382,-344.44713366929017
"22.343603667564523",38.19481897025245,-344.45098310462805
"3.4550492006123203",38.19524424720552,-344.4630499739199
"2.8390916860650575",38.19484174995463,-344.45397075507776
"15.472511378433683",38.19469264789368,-344.4629256524805
"12.523431386003942",38.19473627531972,-344.4452938784169
"25.475365928488028",38.19427711576833,-344.44747777256646
"27.211663916229284",38.194219946541935,-344.4533808015095
"26.092464930449026",38.19399887747723,-344.4667923171224
"7.019818531490304",38.19450576615083,-344.4635850148512
"30.388536376964037",38.19428399484688,-344.45639750234136
"26.939946994290274",38.194730554429846,-344.45091891456764
"8.022471665889299",38.19444182580318,-344.4576331011107
"29.3377330173211",38.19430966967229,-344.46660369931516
"8.440750315480107",38.194698102954476,-344.44966084346424
"16.523185676309005",38.19445786748264,-344.449059055264
"8.751744980646171",38.19474344586327,-344.4562109763989
"10.456826858475946",38.19430280892941,-344.46276957984423
"12.730681676086665",38.194088808379085,-344.45646706883224
"2.9237912370659416",38.194438329444296,-344.4667627432753
"10.112981738869255",38.19416622501148,-344.4541205863568
"12.827686878234726",38.194707617072055,-344.4540570649063
"23.09289308361494",38.194671112710985,-344.4626980631874
"8.846203867581153",38.193975582516714,-344.45707183541623
"29.607865853449432",38.19345947470572,-344.4484639150167
"25.91485035370625",38.193338606090116,-344.44975681508447
"17.601641418139344",38.19325410256478,-344.44705777328454
"18.966173175109",38.19314327736239,-344.45301014686
"2.2552523791416337",38.193424291576235,-344.46682176937225
"17.177436461790567",38.19343974789325,-344.448710808054
"24.09453775037846",38.19324445202306,-344.45006630099687
"3.1760040962325267",38.19329206213733,-344.4456580704682
"20.496561911612424",38.193561266252885,-344.4572973948974
"3.1187788938466934",38.19365144761059,-344.4547979062068
"18.193188580131434",38.193367780738434,-344.4529298418526
"24.21754007057299",38.19343825355541,-344.4620387281426
"19.881022570501635",38.19358287494489,-344.45926011847763
"25.154697039817535",38.193360998341134,-344.46570504379355
"1.2648522837853307",38.193713956154376,-344.46139997327504
"1.179240177608082",38.19377390480122,-344.4515897500166
"19.098453593049804",38.19373446624845,-344.4581224910652
"13.449916855958897",38.19335077215884,-344.44761039606396
"15.931730921745277",38.19351486031669,-344.45949203543745
"18.039310525591116",38.19378244118645,-344.4656121846876
"8.628673378421169",38.193006414583365,-344.4494308382336
"3.4322917875805894",38.19246714960167,-344.4476743094753
"12.247995568697862",38.19311650355172,-344.4488765775972
"16.69404943618506",38.19285534881819,-344.45867062933377
"26.37315828201388",38.1924892275462,-344.4598708080029
"17.769917607011998",38.192491551183885,-344.4608995534903
"22.93927164043815",38.19251806648464,-344.4465770849608
"14.647782318481305",38.19309728931533,-344.4668584578054
"28.648892564415885",38.19252446543333,-344.4532182175315
"15.02643682288749",38.19292101465009,-344.463294031515
"11.630716828070836",38.19264222229214,-344.44837009158573
"13.1566234982282",38.192866976908064,-344.45503080008064
"5.2642826391793776",38.19296926009753,-344.46364913619175
"16.882792065015266",38.192557708516226,-344.4580917719774
"25.19822616594448",38.19304966590931,-344.44890715652576
"19.411324347767515",38.19297714252421,-344.4529575100614
"23.033596376239643",38.19310817856907,-344.46076655765216
"30.885625654882453",38.19280289162532,-344.46041406851106
"4.384915885915769",38.19287248463946,-344.45963185141
"27.93641261329401",38.19277203725631,-344.4598889115554
"21.111647079637656",38.191425650076255,-344.45374198152655
"13.442693856493396",38.191683723968396,-344.4508140719836
"9.018201478914428",38.19156418500022,-344.4673678858247
"24.571979044998542",38.19152369273696,-344.4505489926751
"18.68392952384462",38.19221729793621,-344.46216449939425
"13.31513236499981",38.192076423191324,-344.46065486863694
"18.497148210313267",38.191312315884076,-344.45354706869557
"3.8153796384679453",38.19243044489367,-344.4490555722032
"21.998509893452866",38.19213218171886,-344.46030979316356
"9.251682482402842",38.19184829729459,-344.46632447467283
"21.16513702886679",38.191804503178886,-344.46711052274946
"1.4841642161746917",38.1924338685801,-344.46399238575435
"23.53984898035492",38.19160541112051,-344.4565912157923
"2.2648018309532616",38.19203670820033,-344.46785005320584
"26.30654702878626",38.192314549903024,-344.4663116252482
"10.817194446163908",38.191815403392496,-344.4582901328677
"16.983716380187197",38.19206590823336,-344.4622259977933
"3.6290088315722104",38.19125461725002,-344.4466586659855
"14.186930891302941",38.19214873518739,-344.4599540296028
"24.87732129375234",38.19195968047825,-344.46825863343713
"15.034738740094536",38.1908168295089,-344.4591887980622
"5.965811333066624",38.19101569515417,-344.46838155931783
"4.68899294881643",38.1909738362204,-344.4682486468927
"23.742768238913904",38.191238766254365,-344.45151794066345
"22.76881131469316",38.19112134735775,-344.4574085564422
"13.214958875628366",38.19114942650521,-344.45074212836965
"18.40202158123638",38.190909348759135,-344.4670916347664
"8.567848829945099",38.190962153353084,-344.44802274545754
"7.260002089309882",38.19085187054052,-344.45422279419375
"8.378972528783706",38.19104729560469,-344.4502889250558
"10.432492988601249",38.19114223464529,-344.46581033643474
"4.167156307052991",38.1908481457939,-344.46775717440664
"18.372314809573663",38.19090073163093,-344.4613774468856
"29.248068835639483",38.1908723347816,-344.46137199459406
"8.706692382061028",38.19087344642682,-344.450144588145
"16.54187176675078",38.19115559030287,-344.44813252585914
"1.513704708331193",38.19111708276169,-344.45612579524834
"9.77104241072809",38.19106763219891,-344.46239823631487
"2.9929588078661964",38.19116279371062,-344.4546961510802
"12.772359810561454",38.19123134975301,-344.4670185755772
"9.131795925164553",38.19059493669562,-344.45416124307224
"17.357256384132494",38.19022471461834,-344.45008837275213
"3.765922797505158",38.18844261246896,-344.46715922871425
"16.155610837839667",38.18872231864892,-344.45739148666695
"20.84529164595632",38.18767225058488,-344.4629596691444
"25.73835592377835",38.1880805075378,-344.44766340511575
"1.7050003058525456",38.187811861679826,-344.4587943853908
"8.152131576529277",38.188895653120284,-344.45054550586013
"1.527723441073602",38.19059402639858,-344.4590136549638
"29.626176792058992",38.19052967412509,-344.4635072774362
"13.64778322896856",38.18830179644943,-344.45858400733414
"30.711671803846716",38.18923849919176,-344.45959880760626
"3.438404321953882",38.188405729975024,-344.44789218793204
"6.407667059195404",38.189775274025536,-344.4626609364533
"4.322184138077926",38.1883797318618,-344.4578773311497
"8.221607071611118",38.189549600768224,-344.46351257513123
"1.5325278827221558",38.19061186055443,-344.4547235627573
"9.94554763298201",38.18836752881322,-344.4684627239008
"27.548904092567625",38.1883247706737,-344.45592134893747
"17.728204394928653",38.1891496664316,-344.4599119378147
"20.818717283231464",38.18362642431018,-344.4707436289963
"5.157349555182668",38.184390659797586,-344.45510708696435
"29.66147252789809",38.18647441377675,-344.4570454022448
"15.673354967419447",38.18726747288225,-344.4623775148226
"28.068934292667663",38.18332898958645,-344.4721212314932
"20.743228279121258",38.18460500611712,-344.44997166752245
"17.916913298691988",38.18716750672696,-344.46515423581434
"23.87383615719435",38.1844505067318,-344.47236463477793
"20.747172100277474",38.18605598827702,-344.4646112605945
"19.222260942217606",38.183210494570375,-344.45538744160154
"17.560649217525693",38.18296771364193,-344.4656429787686
"29.572664220745384",38.184497655413765,-344.4492920039013
"6.306837203768559",38.18332474956492,-344.46441482185304
"6.80434315765336",38.186368036306206,-344.447872941858
"13.837916313725175",38.18611318924192,-344.4562981670972
"21.666371875306478",38.18449034928937,-344.4713778010835
"24.746899356555584",38.18733324268114,-344.46650068674865
"30.030652834744505",38.182750896461,-344.45532065134563
"24.601988604686607",38.18372873682279,-344.45655603923
"17.07424514993502",38.185831108215545,-344.4492571789397
"26.981556942408787",38.187841618163425,-344.4724390356139
"30.94679422003164",38.18702672489844,-344.4700342475344
"23.34833489473622",38.1886544824984,-344.4701487364574
"15.641874136829088",38.18731616656921,-344.47121923622757
"17.7360944912247",38.18357534757458,-344.4726221381626
"8.90967234399881",38.18500336281783,-344.47142088958066
"8.683643406350079",38.1875562027277,-344.4718143243587
"15.75955426828351",38.188018633648916,-344.4705690501098
"7.586393237843748",38.18313879403457,-344.47013595158734
"19.391078066840272",38.18732422934914,-344.4722982044612
"25.28947902215713",38.18469234188289,-344.4710253680972
"7.252393724725667",38.18334232268328,-344.4711529347382
"8.295969863090049",38.1856783209323,-344.47226045723437
"1.6646834877836438",38.185655145110154,-344.47007974583835
"16.03433682655303",38.18780443193315,-344.4713680093347
"14.100867438522242",38.18505214437248,-344.47272250186694
"16.679347712645168",38.18657658053169,-344.4715190130804
"17.226461449885154",38.18590775474593,-344.46989142750226
"13.936410222376189",38.184861702907426,-344.47224208436234
"5.064278829275667",38.186825249607836,-344.47201137874146
"25.539444893224637",38.18691471143121,-344.45811393234135
"12.448578964133054",38.185744494214596,-344.4642606432595
"24.8163424476164",38.18561154467669,-344.46875206855117
"20.927909045261536",38.18514048733698,-344.4594681744661
"19.995474822693645",38.18780092915832,-344.4517247731201
"2.8088241891744095",38.18546072426155,-344.4543365712296
"17.073898472102066",38.187855790820315,-344.4685845570698
"23.705184120461993",38.18700921500732,-344.4536193814091
"10.202741044493587",38.188477497672636,-344.46871194238236
"1.973961677409172",38.18457419623753,-344.46131677285393
"10.155897002826581",38.18866876784788,-344.4593089043388
"4.060728712737681",38.18810786750801,-344.46363367413153
"5.446440631476176",38.18690205812478,-344.4582749891885
"5.055833025232354",38.188415912675715,-344.46945484408815
"14.463525554816462",38.18592047011095,-344.46896536255787
"9.859861704821721",38.18705987657291,-344.45971820965565
"4.474037332809874",38.18595191611239,-344.4680628451077
"8.140082080426728",38.18836282653972,-344.4694346500681
"17.712184372681126",38.18805768074371,-344.4643563966572
"2.0082260427352385",38.18566495509296,-344.4670785583539
"10.082164624101111",38.18176387726894,-344.4505962424792
"28.69832995639608",38.18337016441994,-344.468154670665
"8.327979517555665",38.182990414704804,-344.45287588506085
"18.851864588469578",38.182074381012484,-344.47148110221775
"22.47500402478461",38.18346689181285,-344.46202234025463
"16.90372042137629",38.182313038557886,-344.46131389732585
"16.372505948850808",38.18338128925813,-344.45221034366017
"8.06723355225124",38.18176817869671,-344.46250464979596
"28.915792270929224",38.1829140235612,-344.4623727517939
"15.671723849274596",38.183116510544224,-344.4552381165925
"2.091374805356644",38.18221306513595,-344.4652248298223
"16.861761696590428",38.18173854373417,-344.464244670141
"12.607303881297073",38.182368595478174,-344.45168236459017
"15.780351538621183",38.18241380818376,-344.456570619653
"28.089453480256573",38.1831724704262,-344.4548978105811
"9.183105425183514",38.18270798572426,-344.46324271251103
"18.26279459365213",38.182634218748944,-344.4536058110985
"1.394746815442717",38.1824237277906,-344.4706921217729
"1.7965528524159593",38.182154733656326,-344.4718751244799
"21.67104964203435",38.18248448252852,-344.4623661371303
"12.081307935352102",38.18152691263053,-344.46702423665084
"10.447858201884603",38.18156883622668,-344.4541696363238
"12.682652587143389",38.181483902420176,-344.4686585722599
"26.318039543680086",38.18148240912655,-344.45879075351354
"18.56117741450459",38.181497765419756,-344.4647136845804
"23.97995444525711",38.18154215828398,-344.46732456964384
"28.845141005213623",38.181497056925586,-344.4600168973317
"25.30180259360469",38.18153072737019,-344.46050315982467
"1.6924153641957753",38.18158477529541,-344.47247788650225
"16.70499472569567",38.18158287600214,-344.4674496128024
"28.554317824266526",38.18152969667481,-344.4620065223932
"28.868911978979817",38.181565347713224,-344.4600375936633
"7.685900525357347",38.18157637211901,-344.45668607498845
"8.822714826426456",38.181485991828595,-344.4619488545112
"20.46857586628278",38.181555538050354,-344.46512338430546
"29.18312220680934",38.18148180973984,-344.47063222603197
"6.265877640549414",38.18151023281833,-344.46435041036403
"26.263177254575726",38.181487721867526,-344.45657111327705
"25.713052291276952",38.18154030621071,-344.45427530749373
"5.4171164630708475",38.18150260633574,-344.45920758784257
"11.468282830374493",38.17958651841269,-344.47222716627584
"28.515914070485277",38.18054322054313,-344.4705658001159
"21.56536061202461",38.1803853547145,-344.4651657960402
"27.05945996010891",38.18082298363202,-344.471823649022
"6.819270609731815",38.18007371494158,-344.4565897101602
"30.40265361297824",38.17978308777684,-344.4595735624131
"3.5756020669196356",38.18073559718552,-344.4694421602022
"5.894663300264335",38.181162394733896,-344.466012871472
"22.948651881704812",38.17994113445189,-344.4583597755594
"27.538711867913126",38.17989783753,-344.4613666223088
"16.41564900126647",38.18132765767873,-344.4706393052088
"13.212295385452698",38.181442432136976,-344.47164862376485
"2.894574088831218",38.180114505453425,-344.46063330630534
"12.904034332412648",38.18144909412237,-344.4643309515983
"26.074597072716465",38.18048505228902,-344.45531508096565
"21.809130996967454",38.18147516506966,-344.4714315465816
"17.698515587406455",38.18147736515248,-344.47254704469793
"26.43364507100718",38.18068369796397,-344.46514323510144
"2.1745759539284872",38.180891826536396,-344.4655674259476
"29.437467496568456",38.18112891269874,-344.45514632020877
"26.890730432459524",38.17933610306646,-344.4654951689484
"26.027869965432174",38.17937096937448,-344.45371467768183
"21.806572743070436",38.179460525416424,-344.4688445534631
"27.9095407921434",38.179482413056206,-344.4626330601347
"15.952958154464941",38.17940652868324,-344.47091143996033
"20.889645302669486",38.179575257589335,-344.44537909162204
"3.2791978379058597",38.17934827188285,-344.46278933184993
"9.241849486574814",38.17940381227848,-344.4637726138752
"28.61456412056693",38.17951630807054,-344.44211167247005
"10.570055318618518",38.17937897201681,-344.4486279452528
"1.2382432821353575",38.179484437013215,-344.4581366327898
"20.606018164214053",38.179551125354415,-344.4627214073897
"9.644879943903156",38.179380730186686,-344.469255481539
"13.54434035074635",38.17943948010597,-344.4641636911168
"12.359560183183016",38.17938332205554,-344.445139916046
"2.952544918771524",38.17950628397641,-344.44387104232305
"13.696162160888452",38.179485879049025,-344.4672470077368
"5.457531795751544",38.17953747793309,-344.4460185238898
"13.934876886066792",38.17941028713817,-344.4674985728093
"14.468840209890558",38.17954855138618,-344.46490411694134
"11.034682848499513",38.178099974953085,-344.44749733749643
"29.367067369293636",38.17790280755416,-344.4437152883444
"14.020332722130446",38.179267980054036,-344.4671170633105
"13.823809147530952",38.17893598620405,-344.4697600860878
"25.072957537494087",38.1781568506933,-344.45466622053306
"9.730835945369936",38.17813434675073,-344.46855501480235
"11.444689175565998",38.17808420233499,-344.46574086308743
"8.007927042421828",38.17915108195674,-344.4587208474417
"29.463827517181773",38.178389314744656,-344.44424268915344
"9.517739336912127",38.17874447022875,-344.4501353163154
"15.073949008231214",38.1784383167185,-344.464360654107
"2.4953962415690647",38.178553979606,-344.4536845866851
"27.092955797986793",38.178902993882765,-344.45944644949657
"10.381528465756707",38.17898881159943,-344.46620583378734
"9.8746613351211",38.17889686783735,-344.4607582083174
"9.599674771306509",38.17803539958236,-344.45356126080435
"22.05087213404975",38.17829600085922,-344.46797993318944
"30.948512867913983",38.178518276432214,-344.451527864794
"1.928410093724843",38.17840942293998,-344.4545508943559
"5.952577824772018",38.17809486735226,-344.4541488499895
"19.910104657369985",38.17763872794959,-344.4672307889493
"2.7047018162452643",38.17716599384243,-344.4499078258873
"13.2886373294261",38.1773247089855,-344.46710120693837
"1.8545006159154145",38.17783866836686,-344.4471063217056
"17.45239180878842",38.177553852185035,-344.4625146184824
"3.022734584228083",38.17721838419417,-344.447271810701
"24.614192632270154",38.177681734782645,-344.45727110281064
"18.276855124195023",38.177238985918265,-344.45038717155717
"24.590035382855387",38.17724237152199,-344.44716086305596
"27.64267828905151",38.17722308356429,-344.4516019584071
"30.155015550573374",38.17763107075439,-344.4627108172507
"24.413303652791743",38.17769748740537,-344.45522492592653
"6.466708976108119",38.17711070311968,-344.4512348046867
"17.050125541417266",38.17721112319283,-344.45349545983987
"6.785002092252427",38.177836963253796,-344.4592308739288
"16.48641727208194",38.17773761989912,-344.4462469551127
"17.880495799892422",38.177565637276125,-344.4598528844216
"12.307884066281868",38.177530741499815,-344.46474012018126
"3.637907857169637",38.17720095789663,-344.44933965518493
"28.855118168891607",38.1774185124632,-344.45307593984967
"16.440269195734167",38.176487764466316,-344.4646213911261
"9.099721172137162",38.176091354797975,-344.44644411601513
"27.012939710174887",38.17589526168963,-344.4603306447758
"17.979663581753087",38.17672951169883,-344.45268612848486
"7.356246500440785",38.17634501582683,-344.44754534401073
"5.646674905536726",38.17593316414513,-344.4625806395358
"2.9335986646558423",38.176772837247846,-344.46380563584756
"19.75809239501106",38.176768936568116,-344.46318078089314
"12.1096093695604",38.17677898862005,-344.44926459394685
"21.983303860245652",38.17642160405955,-344.4505506413808
"7.37913391419511",38.176203740306015,-344.46267673410665
"28.819136799185515",38.1760977920245,-344.46273100502486
"7.405846518516238",38.17624043776611,-344.46316689174495
"14.25242063471717",38.17638678811411,-344.45802041740933
"19.35963648776682",38.17688975723764,-344.46143302274623
"7.949449591316257",38.17697495597805,-344.44688687509057
"18.570021351154594",38.176046907857504,-344.4579705529345
"9.267626629892352",38.17648815152663,-344.4552127365323
"22.376615952493733",38.17599835045589,-344.4523687249012
"26.356154417673913",38.17654893149505,-344.4641556215794
"28.50588995509198",38.17579322784931,-344.46071251562836
"24.62185131659644",38.175794312404406,-344.4646176787795
"8.246150914587615",38.175765302384214,-344.46499299771074
"2.6859236044354797",38.17576050871386,-344.45905183934946
"29.80169571987469",38.175794216573415,-344.45646109606537
"13.508312032479882",38.175761641543936,-344.45893709281074
"8.434832055035852",38.17576974025732,-344.45733928730925
"2.0930422525151795",38.17579166379788,-344.46499872098326
"25.028426051605113",38.17573728846767,-344.4565168508804
"22.901602429158473",38.175798212631506,-344.4499341628707
"3.9787211995753715",38.1758006154418,-344.4638237036662
"11.476200542381953",38.17574547035986,-344.4564318855705
"14.888364795569775",38.17578755277593,-344.4528973556791
"2.1813634989286137",38.175790398821086,-344.4653958096412
"13.48067332209465",38.175785707863106,-344.454213351132
"4.330187254137695",38.175775228556645,-344.4532783367588
"15.101107035326802",38.175776748527745,-344.46197188888505
"9.326607383138374",38.17579552400235,-344.4525185208241
"22.97438596837092",38.175773159487306,-344.4541244365561
"30.543818909906218",38.17579426435596,-344.4553261775557
"7.267074043824961",38.174438450795755,-344.4584349121467
"11.00705007702978",38.17559011594589,-344.45155204397884
"25.848086012339966",38.17469834500052,-344.44964121659876
"14.97841111155206",38.17456288600903,-344.45674763153556
"7.263649825481861",38.175321990419725,-344.45996816551184
"6.746765358731778",38.17530873092442,-344.4556129935574
"15.343615154559837",38.17463790594241,-344.4613574198285
"9.83189915093341",38.17493390858516,-344.453269191328
"4.350795352730107",38.174611583461065,-344.4616238218452
"5.465013718844801",38.17520827285186,-344.45342603528763
"27.49284689087867",38.17503096311854,-344.4590356838231
"2.8203058981130327",38.174555129167146,-344.4577604885787
"7.945183526296022",38.175677216647905,-344.4548895361485
"10.61451557324575",38.17536834028451,-344.4617631912387
"20.239509723995905",38.17564769572391,-344.4595389134847
"4.678004729577104",38.17554227297069,-344.4584670390412
"14.043653163360453",38.17539874126228,-344.46088201818947
"30.650183384176888",38.17516110286194,-344.45848028029997
"6.200003556582729",38.17573487312123,-344.450457017233
"10.740350267411761",38.174395836128966,-344.45855165552234
"27.018401231357323",38.17423821986925,-344.4549551867008
"3.147607060786363",38.17406702808593,-344.45588767445093
"8.156580570986277",38.17413351618719,-344.45613042260396
"7.032240882778712",38.174326954732,-344.4530343111462
"28.07510815282318",38.17418282554562,-344.4532632667017
"2.7847261505358514",38.17413677822197,-344.4628726969581
"16.295230401725885",38.174086488436636,-344.4514724404395
"4.204053744251077",38.17431548687304,-344.4567716129262
"6.076149266407695",38.174345205340344,-344.45360836515925
"4.611755660221858",38.17424878978747,-344.454948188976
"15.827997956410542",38.174191145516005,-344.46192160731795
"20.909882733361684",38.17437999725112,-344.45621602315674
"26.742808303978",38.17415420287406,-344.4602758071298
"25.611909242885343",38.174374757858494,-344.45670079873594
"30.232040619053347",38.1740517422254,-344.4611641080387
"22.983987855706467",38.17430757015427,-344.4578565409241
"1.665816367144485",38.17422884389045,-344.45150134202754
"19.823620025838885",38.17415317773062,-344.4617376022425
"26.108480522131703",38.174104301092505,-344.4514359178925
"2.5684524487122298",38.17435251174894,-344.4583212222956
"7.007801319599473",38.17338596996159,-344.4574055561873
"15.13253494060698",38.173687187349906,-344.4519869652099
"16.73713773754502",38.17375880574247,-344.45873520848755
"8.21210132701605",38.172995777470625,-344.4538202988387
"26.048182178472214",38.1732076396613,-344.4557210087924
"12.036869144115089",38.17339064453918,-344.45640161097407
"4.138528545330031",38.17371777647845,-344.4558042887486
"28.421218040761524",38.1729351593393,-344.4546783853517
"21.964389327653652",38.17355860558274,-344.45673918213294
"15.175137379185745",38.17308849086666,-344.4568292065769
"18.80868787746137",38.173893110724165,-344.4589090278406
"12.716120473157826",38.17306219863367,-344.45872194076566
"20.087310646119356",38.17372978494154,-344.458560452922
"15.540804962777411",38.17332254859333,-344.45479585499277
"16.247626370388577",38.17335288825879,-344.4584154890393
"5.721345417709721",38.17371539269709,-344.45442160491154
"7.104180379116617",38.173276546345534,-344.4583226909521
"26.87027184733081",38.17357299478789,-344.45428089994675
"24.922957957458173",38.1738792795927,-344.4519678592292
"28.385531443387357",38.17340094061695,-344.45371879450215
"3.67784189677025",38.17291546076005,-344.4532213553798
"7.018093997210339",38.17293642401697,-344.4547460020064
"16.548520343243418",38.17289127873476,-344.4553761644438
"21.133964780153228",38.17290413450166,-344.4562146391538
"13.152027738751816",38.17295004323902,-344.4586168636231
"14.15159047008072",38.17283834431872,-344.45820111981885
"19.086802070870633",38.17295428735727,-344.4588275392084
"14.04375140935895",38.17294300152431,-344.4588082541715
"7.623802181289031",38.17287348002362,-344.45667730334543
"30.495766900972196",38.17286218021273,-344.4541767903246
"9.658158073174029",38.172874345921734,-344.45371929948925
"30.920816497554497",38.17297006517001,-344.45896157098315
"19.04764422302208",38.17289563800204,-344.45288351150174
"15.82393945308138",38.1729146345815,-344.4531128619521
"18.007159038245504",38.172863471006636,-344.45400245569795
"16.218090144648542",38.17296898966633,-344.4578446589069
"24.792263729265656",38.17295235106119,-344.4561319690619
"13.024340675966872",38.172933908843646,-344.4535880650164
"16.646828506610554",38.17286583349355,-344.4544747939785
"21.341903487804483",38.172900193228635,-344.45565856899776
"4.367499381588043",38.17235950463217,-344.4555494432301
"22.49658489454523",38.17217411169317,-344.45397062190347
"7.08035690874229",38.172348759826804,-344.4535174925833
"16.656322002481208",38.17238208779444,-344.45867083025655
"8.107840008869658",38.172748830494896,-344.4573342141091
"24.498579119405466",38.172950237419066,-344.4535103469713
"21.891230280939748",38.17232360935036,-344.458849330266
"8.159120942383758",38.17220367229763,-344.4563303833973
"4.728851992284978",38.17232055330164,-344.4571210974084
"24.708677962464",38.17224107964671,-344.455199099392
"11.190767445319377",38.17289702804323,-344.4584743594668
"12.60841763905081",38.1724941783064,-344.45301534040044
"22.910998743229143",38.17293280495,-344.45402402281536
"9.667862672487862",38.17251646908242,-344.4563328368216
"1.1484600483462817",38.17226568008837,-344.4579184651989
"15.219807104426758",38.172422984220105,-344.4538445243136
"29.782457701183176",38.172684484572706,-344.4550145813447
"13.438261260471359",38.17215293327051,-344.457490369246
"9.166934215350892",38.17230391890147,-344.45584658185015
"2.7803840891216383",38.172580815153836,-344.4576840099157
"25.025680117374165",38.17639994179691,-344.46727015008906
"4.239193431553864",38.18046604686839,-344.4596064253055
"14.063458071252057",38.17582914591278,-344.464852653347
"27.197259088401847",38.17628454657164,-344.4641425354612
"8.463731024637774",38.17273731406612,-344.45951659033454
"28.55101792927275",38.17770167139799,-344.4662457896782
"15.625411048852829",38.17576573358156,-344.4601904186005
"12.535698800774908",38.17821119142209,-344.46700175284354
"1.338180552470737",38.17296048400915,-344.4695244612334
"8.377488783140876",38.176401781493524,-344.4648486163818
"26.20837084575983",38.17595952573759,-344.4623365913538
"1.5027579784293268",38.18054037399278,-344.4691259403355
"17.019792311398238",38.17337151021206,-344.4689558128619
"20.056143393569638",38.174642789726725,-344.4638404553126
"7.7548131292915485",38.17716520848534,-344.46227641771566
"27.610493556096287",38.178039180037864,-344.46485658552825
"20.60031392857301",38.17671582184048,-344.4622035653816
"25.61153880335828",38.17556818965478,-344.4615389838731
"11.971685262923376",38.17309971603798,-344.4656438681549
"30.01914594950902",38.17279406493372,-344.4646294830023
"7.9307749776630185",38.181272734781004,-344.4662412639282
"19.928178773018903",38.18128962899001,-344.4653307497224
"12.025927464374053",38.18168263947177,-344.4474400921295
"2.621394251091408",38.18105165146479,-344.45461080528094
"19.12455518821748",38.18165885243222,-344.45601240767076
"19.328306485794496",38.18171090158576,-344.4660044115514
"17.112807312103758",38.18150285071653,-344.45016006879086
"13.82382544208579",38.18082175565848,-344.45645823588933
"18.357310124081202",38.18141261715142,-344.45868727537606
"5.015073910484617",38.180950723936284,-344.45899594147886
"3.697377645673096",38.18108484429245,-344.45630056410783
"6.766527936544026",38.181729245632056,-344.45707912843335
"28.850925778987886",38.181395958243385,-344.4531993665388
"27.424257861777743",38.181445525729956,-344.4558040204495
"16.95943134361552",38.18168108266038,-344.4508219868072
"23.37735092260467",38.18145225302241,-344.4444888853716
"17.517333259909474",38.181588923032386,-344.4539742126527
"9.13686550038501",38.181430408279546,-344.44958197185747
"8.26440380096657",38.181724910540304,-344.4676510249249
"18.71604913044134",38.18107958976502,-344.4623055080983
"22.71593171436053",38.18068971704119,-344.44467826764304
"4.683903184225863",38.1814431486463,-344.44496427521483
"1.18644356255759",38.18136610149471,-344.4420745468232
"11.685382606829407",38.181192239113116,-344.44693065302596
"18.137808887494604",38.180433642969476,-344.4444252128855
"24.029820716954852",38.18177201358165,-344.4489381067292
"15.788939551165951",38.18120295209139,-344.4499048251784
"20.163343246631978",38.18095205260118,-344.4541403269784
"3.3963500449399167",38.181578257921046,-344.44708466585803
"28.97549891222632",38.18157288095769,-344.44258498111196
"27.478284472443942",38.18112444144234,-344.44757655835554
"22.905966536073315",38.18174276314338,-344.4501254254847
"13.109564059086464",38.18134504557931,-344.4522551175586
"4.680435334217749",38.181658444689454,-344.44893893274946
"6.652942692525764",38.18079217960387,-344.44902118327053
"16.447640866743498",38.180844077449336,-344.44423864289996
"17.07547573087447",38.18114335356829,-344.4490349556643
"5.216099478369517",38.180776040405085,-344.45139809770694
"22.14422975205011",38.181442785203636,-344.45230048587104
"26.86330495948337",38.18127689756817,-344.4459652094766
"9.576828676757422",38.18044296743161,-344.4458300452231
"25.60815231086441",38.18040769053994,-344.45187274796956
"18.434880631204457",38.18050124240821,-344.452124007241
"18.241995279720026",38.18046044736806,-344.44941661786936
"7.139014699359926",38.18044059689181,-344.45186618693936
"11.109739892667386",38.18054696373335,-344.44042228720525
"1.4131660487757038",38.18046659145657,-344.4401699575427
"10.446054789975282",38.18039811070888,-344.44379266647115
"7.996095016731072",38.180461793273416,-344.4483055899214
"3.131815808864115",38.180573174090725,-344.44227335103807
"14.501504792369424",38.180397811967715,-344.44550599883445
"25.18829458398813",38.18042588726667,-344.4528591410421
"22.34854599228253",38.180555174838226,-344.44873840904444
"10.727821575474673",38.180424398561186,-344.44581216853055
"24.957988197405605",38.18057112314772,-344.4522288583012
"16.22848061002474",38.18044971181472,-344.4495386542696
"7.433741412034337",38.18051284025168,-344.45272618911474
"12.500471528718936",38.18051426125904,-344.4506566773564
"17.689633716404252",38.180518296689165,-344.4457680697116
"25.485916041975983",38.18040089368319,-344.44660674539955
"25.405468334607797",38.18241178208831,-344.4454880196579
"24.542784597844385",38.18252685767318,-344.4452041296893
"5.218901203531749",38.182352050539265,-344.44698946044144
"30.46911803065806",38.18225419366813,-344.4430664897785
"30.723052541535452",38.181548923413196,-344.447440610844
"6.379015628242907",38.18252147247397,-344.44468814172654
"10.308041779314715",38.18218070114966,-344.4421805814089
"3.3396236421815453",38.181366345717194,-344.4401939012823
"28.675071679025713",38.181369832573694,-344.44183894181987
"9.761964785865938",38.18224158336512,-344.445882431513
"3.0396123947091716",38.18250640944626,-344.44104685060154
"29.393199214437143",38.181716968676795,-344.44019362569713
"7.792968910385662",38.181524472564384,-344.44537333663027
"16.111673636003275",38.180896224948434,-344.44250384041186
"15.680837708991003",38.182141503680285,-344.44596355194443
"26.402590605793797",38.18247750453247,-344.447321563951
"1.4336333245447466",38.18250807369822,-344.442272518886
"5.007341916460869",38.18147922674582,-344.44494496142624
"1.4602378575927513",38.18252582164129,-344.4472620647203
"5.218867143352732",38.181967153166305,-344.4464004024316
"23.617885360819113",38.18269682880659,-344.442788339003
"14.087040142759548",38.182692991796564,-344.4454193352767
"19.314066569095672",38.18274620704469,-344.4447557800879
"7.029025502056902",38.182803701163074,-344.44339716849
"11.228456584997849",38.18279309248633,-344.441959918514
"17.417865007276678",38.18274785476242,-344.4444876911991
"9.949401847663731",38.1827891192784,-344.4415640453861
"1.6301769950220093",38.18269490608423,-344.4460243530083
"27.567265400673516",38.18281473194093,-344.4466016826642
"20.965819341008086",38.18271865545938,-344.4411673902473
"22.112572966991998",38.18276770763063,-344.4421299826577
"6.664418057009259",38.18271961851454,-344.4468375009578
"15.932869709970928",38.18268338578124,-344.44572372901894
"15.696212518552002",38.18279242073243,-344.44218158332825
"25.626384572885915",38.18271068439453,-344.4449253609273
"14.95197284790527",38.1826852068888,-344.4406429598448
"23.764823819552593",38.18281657452712,-344.4423197765153
"1.7302716433607515",38.18277577845963,-344.4482106183186
"8.509870351093594",38.1827105071767,-344.44224072870804
"27.997523896065452",38.18276853073918,-344.44521253289247
"29.03358651781427",38.18382272449821,-344.44329450339416
"9.102252122362321",38.184301857016784,-344.4464940445972
"20.825525258478088",38.18405435393836,-344.44085710405955
"18.39488108520903",38.184576289107,-344.4430095020417
"19.097463889949058",38.18444940304583,-344.4414141375959
"18.690247348783984",38.18452228062906,-344.44435451808295
"25.57390522167242",38.18285426292631,-344.4428018565241
"3.4105187833363706",38.18357086983173,-344.44184329885525
"22.18985335405649",38.184804694846015,-344.4409090319757
"6.797447563782876",38.18502168026103,-344.44510338353746
"25.423600101019098",38.18347681898002,-344.44776890286795
"19.37999104449706",38.18290111973612,-344.45140332201385
"8.794690830852124",38.184811635893766,-344.4468703635612
"21.716313291902964",38.1834544285779,-344.447582824287
"26.246837509062992",38.18349284171975,-344.44229338859185
"8.317791616819928",38.18447630384466,-344.44906409447697
"29.7516265194214",38.183102335869975,-344.4437808897085
"23.73286246435829",38.1848948129815,-344.4443105875701
"17.0446731187035",38.183718036853726,-344.4410542259473
"7.401280127142011",38.18410749647344,-344.44529812277017
"8.213105845641243",38.185138534902116,-344.4405562888258
"8.217024184391187",38.184869128616896,-344.44284543979194
"11.594583154661406",38.18421841805098,-344.4393170307828
"11.328514692411952",38.18432241139058,-344.4404291273554
"19.352143869735357",38.18491169790149,-344.44238708466304
"30.96091576018608",38.184553027626805,-344.4486327721205
"26.53997835811321",38.185029194440865,-344.44387043982465
"12.349429489746402",38.18450018814741,-344.4467250644359
"11.36633334642949",38.18423514614956,-344.44314898430264
"27.117688049176316",38.184665451695594,-344.44763141291656
"15.179698359554296",38.18470765919679,-344.4388523785983
"7.7548370792296275",38.18424471385467,-344.44217277856484
"5.934083090010908",38.18484627708495,-344.44351470216293
"17.05762971441477",38.18455903104473,-344.4419108707648
"30.135561482328075",38.18440160638569,-344.4425176149233
"30.799805479169393",38.18510474993756,-344.4454904807314
"8.262062198081411",38.18509485924361,-344.44394551610503
"2.734735500662423",38.184329405857135,-344.4468870671963
"29.507158007833937",38.18420081770437,-344.4474555962531
"26.100361988050693",38.18473136722339,-344.4411187106826
"27.937800556208277",38.18607810744533,-344.44887346726944
"22.740382638140204",38.184531172236284,-344.44830162925666
"26.411012170738022",38.185942572055744,-344.44162676744423
"5.373034152385918",38.18463020283195,-344.4394244624653
"17.058958407774472",38.18610506303621,-344.4495430699441
"14.492899136123722",38.184270229162216,-344.4417452332522
"10.395336978716609",38.18572969920872,-344.4421251909357
"7.015110055173405",38.18444355942253,-344.4474656764953
"20.174440266522446",38.185807506982584,-344.4436051771777
"16.063201606807368",38.18604827972799,-344.44366803586433
"25.573304790454852",38.18465856505797,-344.4419065280461
"23.342076669406254",38.18455201440996,-344.4401733263351
"28.71470426800083",38.18593249584482,-344.44623423502856
"8.362696192688134",38.18538896850739,-344.4471081769923
"10.76439236604713",38.18513082557463,-344.44791785265494
"28.630100753770833",38.18576724420852,-344.4435499609049
"10.083904088080132",38.185741798434115,-344.44067549306186
"7.623876439351037",38.18525641489882,-344.4455132109747
"4.48435153553126",38.1856795922033,-344.4446698616619
"29.577774641366737",38.18594121845183,-344.4498466521617
"10.852485100312654",38.18594870270384,-344.4398884379416
"14.02973175234686",38.1861816140469,-344.44822445539575
"2.9298562684382015",38.18608175254481,-344.44419778664627
"25.541128675080984",38.1861463458992,-344.4485822842939
"23.352303265590642",38.18595361114147,-344.4415302480928
"25.277325041328822",38.185933043808426,-344.4486265908806
"3.7013674481876593",38.18618210963058,-344.4395379400545
"12.654352710484234",38.18607449129575,-344.4371591620465
"30.750737994394548",38.18600345920661,-344.44914404945234
"5.636636584026648",38.18616686420158,-344.44337095864864
"8.249924081442567",38.186186644386446,-344.4469294643216
"29.69379865433608",38.18604421999574,-344.4435608067102
"6.526014235635048",38.186174857415,-344.4473209868468
"28.238355351776594",38.18614826884548,-344.44662177105494
"25.33766040874492",38.1860073809185,-344.4419811778407
"19.657863057650584",38.18596813959074,-344.4397956049696
"5.99975161619695",38.18616276700504,-344.44616640081006
"27.077458165730306",38.186058985523516,-344.44535087574343
"16.087571195769574",38.18612679671614,-344.4376925934672
"26.349409984824856",38.18609040157977,-344.4389529039812
"3.994722979923179",38.186130606493776,-344.44121750179573
"1.7498513950042685",38.18595488544399,-344.4461140347805
"4.8883042524336116",38.185981782195924,-344.4409982635811
"4.441810505805332",38.18601552961295,-344.44374092948357
"12.243948574049403",38.18660402002389,-344.4445871542179
"1.8054557847309818",38.186507799869645,-344.43858439761976
"30.820909210857188",38.18648065200027,-344.4373875359002
"24.298601564245484",38.186348567502954,-344.4465215788044
"20.17616042855981",38.18678256165458,-344.43847261406023
"20.607541302101026",38.18611553444808,-344.4392282853985
"9.21644746800226",38.18631967029805,-344.4413675058571
"23.474451426233124",38.18616695731265,-344.4369865243861
"3.4726403641822547",38.18665072643818,-344.437079469192
"10.941557647053392",38.186154383064014,-344.44250179401956
"21.752217898156783",38.18605051560096,-344.43924379866456
"21.946179436413193",38.18637965975704,-344.4455174341273
"10.191166104365962",38.18638115453698,-344.4379456662869
"24.640230206420554",38.18605323862812,-344.4445522138707
"29.582930686093967",38.18683085483428,-344.44585555925215
"27.67045328387401",38.18622088970975,-344.4465368652491
"23.182323510884437",38.18702896955893,-344.4418213591668
"24.0105429640147",38.186904630697875,-344.4446210592572
"4.8582839645371125",38.18698547131473,-344.44630918216075
"5.759203375643574",38.187027445632296,-344.4467344247418
"6.593243273892188",38.18701206179398,-344.44104989451404
"25.17044350743302",38.18689280056181,-344.4428767317324
"1.8637740522506543",38.1868807529984,-344.443018503395
"8.756573151513669",38.18694659000805,-344.44055272281713
"27.220661459785514",38.18703650117594,-344.44170440084747
"28.856493582002813",38.18703759382594,-344.44286288381323
"22.45405475171846",38.187052893974844,-344.44439823977046
"18.812563013734632",38.18693044717447,-344.44126815929394
"29.16715724833172",38.18699751721435,-344.43818345130364
"25.003906313100902",38.18697915402087,-344.4461663520461
"1.637444222850021",38.18694396353245,-344.4446423023668
"11.180402863202788",38.18692107717937,-344.44581185031325
"26.593393544414397",38.18700935371072,-344.4459470681104
"24.989649969922166",38.18691620693913,-344.44030782452654
"6.509349042989911",38.186881382433945,-344.44116721315584
"22.873727478229345",38.18702970527806,-344.44617292548287
"5.203700474267507",38.187064,-344.43463209201906
"15.857493159004683",38.187064,-344.43331337687994
"26.390532621514247",38.187064,-344.4360136511143
"6.267149331198853",38.187064,-344.43475686115477
"2.9917343290414946",38.187064,-344.4344975981073
"26.903093871164014",38.187064,-344.4331619069898
"28.24108740884392",38.187064,-344.4346106547643
"18.3796935096072",38.187064,-344.43540228311383
"19.00654539484247",38.187064,-344.4359442859572
"17.896399300359157",38.187064,-344.4369516745387
"3.568372949443891",38.187064,-344.43677525186985
"11.812736867760051",38.187064,-344.43486390418093
"15.065927220314245",38.187064,-344.4341983567755
"21.734296369826176",38.187064,-344.43623728791437
"25.761833131722927",38.187064,-344.43389816834673
"8.706934481944863",38.187064,-344.4332315020674
"21.06962618465687",38.187064,-344.4342305739475
"24.769873547605517",38.187064,-344.4368283216355
"19.001980103682634",38.187064,-344.4350037479584
"5.622234153759592",38.187064,-344.437062452604
"16.84740274554749",38.18750249487465,-344.433680122517
"14.928214604247831",38.18710790865295,-344.4346081617426
"16.50634897865187",38.18715238000366,-344.43341908339124
"7.956498058101954",38.18723934638264,-344.4345109711837
"22.221087021082628",38.187130438843106,-344.4341941093664
"8.964268134586337",38.187373124207426,-344.4346219107116
"16.1932301261664",38.1870943309451,-344.4335603535275
"21.901062013471208",38.18737148174253,-344.43473576440385
"3.9445204449409323",38.187452331320635,-344.4339522490996
"14.872733881641889",38.187526256433856,-344.4347017916495
"18.365582161340427",38.187525592237414,-344.43326361125366
"28.258552727886944",38.18750915991602,-344.4337979448405
"23.707233055349363",38.187190075568516,-344.4345542066102
"14.205927236236237",38.18743395248147,-344.4346112860935
"12.130324940378472",38.187318815411075,-344.43336536198615
"25.995602741033117",38.187351856369006,-344.43458875712776
"30.481895680735256",38.18733592171529,-344.4338149044484
"20.49896395378901",38.18718665401026,-344.4334412474101
"25.901652799427662",38.18734087245171,-344.4339309475697
"5.267562282169701",38.187209261404185,-344.4337491775953
"17.468515720563705",38.187890738404434,-344.43460984088637
"16.17493309201039",38.187993332666736,-344.433021796799
"10.389314691803808",38.18755646650575,-344.4336010130065
"8.811946112681632",38.18783159534285,-344.432921262206
"22.35295774436219",38.18764321412367,-344.43271310729574
"16.15105859796094",38.18765096962932,-344.4320298355211
"16.280088000266897",38.187680682698954,-344.4345286862441
"26.5353849931079",38.187793721973165,-344.4323876882849
"30.47862735645788",38.18786143141383,-344.4329254844524
"17.4646848277511",38.18798031347983,-344.4328654014391
"10.511643343163128",38.18780215901786,-344.43462738675134
"26.549585263913663",38.187746237856416,-344.432474702645
"12.616489918633574",38.18782999181781,-344.43376028580695
"18.077593221370318",38.187907356572495,-344.4337564528463
"28.011712354002068",38.18777272696665,-344.43323929090377
"16.244639542176415",38.18796090183946,-344.4323389804487
"13.777432916716174",38.18760848817523,-344.43471477233965
"19.979408404905897",38.187688062589565,-344.43215976203544
"3.645748423309555",38.18774665203386,-344.4321789283862
"13.32741408867128",38.187866400630355,-344.4331330206221
"30.48954398270757",38.18824142891397,-344.4335887736992
"2.0147492555339577",38.18821832329618,-344.4319069219501
"11.725774044879264",38.18837982642335,-344.4329846351199
"29.90871861579424",38.188666609560606,-344.43352490991884
"14.113551767495062",38.18832789941544,-344.43293796990537
"27.809442445688145",38.188246389069434,-344.4337206827011
"27.101585876963945",38.18866982695402,-344.4335314984119
"25.724380604070056",38.18851988606478,-344.4330482683756
"20.522253666262902",38.18807148222577,-344.4332888098664
"2.709454849897991",38.188731596727294,-344.43272779364634
"16.02921877526603",38.18806602144024,-344.4334965572365
"13.081112993169702",38.18866628037611,-344.4326225480963
"13.00111689566915",38.18862007417643,-344.4335070664578
"20.010215975319987",38.188797005015914,-344.4322790600177
"30.741850830938738",38.188222750055054,-344.43181039572096
"12.20435231576919",38.18835948612007,-344.4322516419661
"24.541919675566632",38.18817980568645,-344.4317917568433
"20.663682922584258",38.188313337714796,-344.43282495147236
"18.989769914610363",38.18877570553579,-344.4329652570752
"4.056509877905533",38.18820488159555,-344.4322197057009
"2.4855913549007704",38.18890077801336,-344.4322568239322
"1.6396059424631817",38.1888220510059,-344.43216890047506
"5.446994574888123",38.18882365905118,-344.4313604692942
"19.776391133938354",38.18882516196451,-344.4334325606505
"18.539365685422244",38.18906912608731,-344.43236737890504
"18.890722579959114",38.188874721811814,-344.43150258920014
"18.40001452503062",38.18891164314154,-344.43152569428077
"25.8704627426449",38.188904107447044,-344.43303117829765
"1.989377021069755",38.18897318013001,-344.43071987431944
"10.392331027954253",38.18902261435032,-344.43289074469357
"30.892292052826093",38.18905006778789,-344.433265061971
"13.565009236264729",38.189035926559775,-344.4303470717867
"22.983946300011727",38.18892538404934,-344.4331851262715
"2.7767910105616824",38.188920851398784,-344.433283559523
"9.750892504119959",38.18890408741035,-344.4331050230336
"6.12236096430315",38.189004663473696,-344.43116289830397
"25.005984659713246",38.18904677338748,-344.43243170208075
"23.575775502193068",38.18907909723144,-344.43099303525236
"25.214718748046693",38.18906131848132,-344.4307755173972
"2.9060635888202193",38.18904886548684,-344.43346787365726
"28.493914585327573",38.18921898638519,-344.43154316422283
"2.004053424323541",38.189482374683706,-344.4322718322043
"9.855758979463808",38.189459559799175,-344.43232183184637
"7.004875725211944",38.18925780808883,-344.43219904211804
"22.293612364338262",38.18947537272828,-344.430251385646
"29.2349827984395",38.189339199898136,-344.4319679572614
"7.9089269697136535",38.18966359787333,-344.4307679334554
"6.821572597960525",38.189164117001766,-344.43284932702113
"14.234840240053183",38.189456977503475,-344.430574500459
"9.179808031958082",38.1896112023357,-344.43057644621405
"18.837507955772498",38.189480405836626,-344.43023146734447
"26.419650327611322",38.18945678500422,-344.43112352735085
"17.439690651656175",38.18967735540878,-344.43106707557143
"22.70471061980977",38.18973033558134,-344.4314261038915
"8.988545103291498",38.18938350330703,-344.4321068102369
"16.290616047644598",38.189118410047556,-344.43309830694176
"6.864610907710599",38.18947590739916,-344.43099505228344
"8.048665057794032",38.189609512001965,-344.4317639429854
"23.17726169047969",38.18948928701543,-344.4331062199855
"21.518739100224003",38.189289374973264,-344.4315360076948
"2.4155996986475117",38.19024521645735,-344.4315861175267
"25.749699094411",38.18999882311342,-344.43266752465
"18.42832131393623",38.19027679532802,-344.43279915822353
"17.82178435399713",38.190284885112746,-344.43147030178915
"20.026216011745507",38.190146415176095,-344.43169993736086
"10.103797210100616",38.19022291306624,-344.4327256346656
"15.872155300255976",38.18999122811632,-344.4282286455623
"3.843048862413442",38.18985822291143,-344.4314928062765
"21.280286295476436",38.19019769882678,-344.4288667631934
"30.18684158322268",38.189910157557065,-344.4286776698902
"3.331484437090632",38.19027585058793,-344.4317185794335
"28.224265204149507",38.18995246738253,-344.4324696040784
"18.076021762322476",38.18990329265357,-344.4321197224844
"30.494871287007626",38.19018687046215,-344.4317371905845
"11.787801954536402",38.189987390538136,-344.43012489447943
"17.95087731233613",38.19004339331948,-344.43247453830907
"21.893304989825864",38.190128180289975,-344.4307150445033
"25.364388073012208",38.190047831112395,-344.428976267432
"2.14593207103163",38.190203408120546,-344.42898717844633
"28.357291998179054",38.18985859515264,-344.42949636191025
"1.620685116722779",38.190372080772974,-344.429503951011
"11.806583504949728",38.19056085483639,-344.4294460386351
"21.383870932531647",38.190406828880604,-344.4286197868658
"9.326848671678155",38.19030168852907,-344.4296022406806
"5.194232504674704",38.190446646964155,-344.42888939303447
"13.423792464168503",38.19050594470083,-344.42982418747613
"11.112307209401376",38.19047964344383,-344.428870584678
"13.393380989913405",38.190464953232684,-344.42849618498354
"21.427089229830614",38.19054623701909,-344.4287960887252
"15.787777489249692",38.19049125979774,-344.4291966157868
"25.467378861179785",38.190534243680524,-344.4285859182457
"29.208172132605",38.190349282793235,-344.4289577151172
"15.193343993599827",38.19042472948099,-344.42974973582824
"16.047618477136886",38.19052740457035,-344.4282376987279
"10.924612099532759",38.190465468095475,-344.4289005982272
"2.887848564271568",38.190443219060874,-344.4293815155147
"6.408486543124473",38.19041873642663,-344.4288173126437
"8.069914438615237",38.19033569618139,-344.4284982411567
"19.078163425257316",38.19032087306689,-344.42816040873294
"10.922957546072213",38.190387972435175,-344.42866145111986
"16.499761102880644",38.19136768003059,-344.42789130441156
"23.123047525849152",38.19113026496073,-344.42797206847996
"17.981085505807055",38.191080147514775,-344.42750543674833
"20.023066057119266",38.191021768074535,-344.4274451899578
"19.97780074993414",38.19060337185865,-344.427468236302
"12.099321990498687",38.19069455360636,-344.4282906966567
"25.01353459461823",38.19126250066576,-344.4280109904151
"26.479460099100717",38.19120995937469,-344.4277926859643
"5.863038316243841",38.191067136310814,-344.4282622876783
"24.81004261250835",38.19087294269283,-344.4290672089283
"14.693232632406303",38.19134368481,-344.42935925669434
"16.549427680549748",38.191375787066264,-344.4288202430843
"20.159055871297937",38.19071952533345,-344.42836860411336
"5.694237484124468",38.19123928020566,-344.42741895362997
"9.856230948973057",38.19094451175682,-344.42938712994135
"22.295966395325923",38.19089176346329,-344.42753217123624
"30.90910088275973",38.191182902762655,-344.4274237045767
"27.206269511007182",38.19083873073697,-344.42772681664496
"24.063740751280374",38.190965841875915,-344.42759855181527
"1.4351415220855892",38.1910354524871,-344.4284638319288
"5.562516832720405",38.191696867718264,-344.4275320515446
"20.574870575333584",38.191401434319104,-344.4285065054741
"27.8863251125133",38.19153034617249,-344.42769346124567
"21.822644175277226",38.19153512702567,-344.4286786405564
"26.965124611334105",38.19146072448487,-344.42832090887396
"18.088544644076503",38.19158987273812,-344.4275151004091
"2.9657959523369106",38.19162402875783,-344.42753177872163
"1.801056348996274",38.19146682278836,-344.42835397257943
"23.18313019813889",38.191605081945816,-344.42768410357354
"23.06275702624292",38.19159455023134,-344.4285447222546
"16.05238186750056",38.19142238190887,-344.4284409850022
"2.089830493804953",38.19154556524043,-344.4280914789927
"14.263347767747785",38.19143500165276,-344.42871665774163
"11.252643653517215",38.19157956542107,-344.42873145957986
"4.581540170841948",38.19149091680949,-344.42887318278366
"12.100195358404363",38.19155627803888,-344.4282675841009
"26.96901394172598",38.19164563890344,-344.4278889884022
"30.441090202807885",38.19141736761406,-344.42769368120963
"4.735140597205033",38.191474843410965,-344.42820478196114
"30.084654830034584",38.19148582318891,-344.42739171722235
"27.310267571233318",38.19226519375291,-344.42711389897613
"19.297968271507056",38.19224933139394,-344.4280185521897
"17.76333580265585",38.19221971151752,-344.4284199112831
"8.430687454548474",38.19196656232448,-344.4270559868299
"1.1696341369378551",38.19237863089337,-344.42754900288224
"3.489056236605325",38.19241840574966,-344.42693585054735
"7.82192161444215",38.19231510501271,-344.42856396185124
"16.78602324609311",38.19212806586124,-344.4268332179913
"8.13253002565123",38.1923274535019,-344.4269614707549
"27.302855116416676",38.19243368192426,-344.4286923497872
"23.093606587442327",38.19220103181104,-344.428416209352
"29.727311335129365",38.192396879230365,-344.4274520694685
"9.302198794957993",38.19229863467309,-344.4279191170282
"19.89246515083648",38.19199529097964,-344.42880075140704
"29.964474806402578",38.19188054413741,-344.42681406493233
"13.43488211462626",38.19219769461631,-344.4274177797251
"28.927512438734713",38.19216052258837,-344.42817953636273
"7.535707190377744",38.19203534747088,-344.42693441387075
"23.946332389073834",38.19199455860273,-344.42857119551576
"3.563088414694543",38.19222834054619,-344.4288208228852
"25.08898546776482",38.19272201917905,-344.42691840411476
"5.244072360362267",38.192581316033305,-344.427847289971
"30.239488638986625",38.19269585115539,-344.42776935193643
"7.1563762932069555",38.192561402898384,-344.42819398463575
"13.200450364262824",38.1925790668217,-344.42691738683374
"22.940042504144046",38.19254803569601,-344.4274431755732
"14.713638945024764",38.19269019044078,-344.42864165554823
"19.410625179492133",38.19263783976911,-344.42786562826313
"27.52700265869833",38.192490186918604,-344.42755088734293
"25.228828460647666",38.19253218523397,-344.4280425053009
"16.877943759748575",38.19249324396187,-344.4274919985854
"8.91422436792935",38.19252011928452,-344.4270856928287
"7.4502427708965016",38.19258511923094,-344.4283925650821
"15.303925815713596",38.19259110711769,-344.4284870484537
"28.5181964198841",38.192717779749515,-344.4281055287491
"29.54247513195763",38.1927217623577,-344.4277982648378
"17.47893250180084",38.1926621742705,-344.4281894891019
"20.09114136375555",38.19249373171271,-344.4284467613847
"3.4711954066695263",38.192489046411836,-344.4274324801537
"7.229441304903853",38.19269039751089,-344.428137781753
"9.406941778161203",38.19295636801071,-344.42728876405994
"30.335194479445143",38.19298370834536,-344.42663700321754
"4.83113695256073",38.192982679159954,-344.42829066310793
"6.233906025827146",38.193083935540045,-344.4272579356567
"30.79307720338532",38.192956253029344,-344.4276568354356
"13.519537467718031",38.19306793298329,-344.42700423639013
"14.274964563445785",38.193032406343484,-344.42655400965873
"26.655423193087998",38.19286917313547,-344.4288092325929
"4.905274220452702",38.192728154433624,-344.42643893163915
"12.143688571622645",38.192854106273984,-344.42838312083137
"21.5591870121023",38.19304891432711,-344.4280717343541
"25.277627011997772",38.19295511837841,-344.42684832028607
"12.631082045095642",38.19300909755266,-344.4266830986576
"20.055982602010165",38.19282665982995,-344.42873673444814
"13.98167374617181",38.19293982543846,-344.4277214671594
"27.72621211453783",38.19304700775351,-344.4279758341989
"6.167079844092502",38.1930271899379,-344.42841514508
"12.41097686052673",38.192807310545746,-344.42874578692386
"25.6194292871408",38.192777805557185,-344.4265954472157
"5.978062763508435",38.192930021260004,-344.4276157575929
"24.274090555382546",38.19323631166447,-344.42648094855895
"23.106660754307434",38.19322869228611,-344.42874081819116
"23.87587704229891",38.193219747537576,-344.43031831858326
"28.331518967585062",38.19317637306169,-344.429751294547
"3.8257998952248853",38.19314645960706,-344.4290318957322
"11.503984735928423",38.193179058053346,-344.42960353719536
"6.847175541598853",38.19318542191076,-344.4282456083038
"22.447563326617157",38.19313538534467,-344.43020304961146
"8.22833245229543",38.19320835326667,-344.428797814447
"10.131590371960518",38.19317007600746,-344.4289228248966
"27.180217250734895",38.19318957345318,-344.427761714822
"10.747347802725798",38.19325541948686,-344.42803184021386
"22.602206642723125",38.19316764569226,-344.42896633080767
"30.669472792745985",38.193223751235635,-344.4302686433038
"27.066384434250647",38.19315444083475,-344.4285215712701
"22.99475899708651",38.193235771757756,-344.4293654577395
"2.2696337375754574",38.19315634872707,-344.4265026226086
"21.848203987240655",38.19326553438989,-344.427327529607
"23.989277440794872",38.19323790506449,-344.4283023912413
"15.06473928674709",38.19313452006894,-344.4287137162776
"15.579364478257947",38.193267,-344.430635
"16.388593167863057",38.193267,-344.430635
"6.388457303149082",38.193267,-344.430635
"20.529291417593324",38.193267,-344.430635
"14.691922416986097",38.193267,-344.430635
"1.751029998106616",38.193267,-344.430635
"23.905456340584703",38.193267,-344.430635
"12.833539072106182",38.193267,-344.430635
"2.555292624861637",38.193267,-344.430635
"10.637996879484119",38.193267,-344.430635
"9.368720969265546",38.193267,-344.430635
"15.389044759631268",38.193267,-344.430635
"21.990136314815096",38.193267,-344.430635
"15.624023256008773",38.193267,-344.430635
"15.728067903368085",38.193267,-344.430635
"19.473819663115552",38.193267,-344.430635
"26.89639815401683",38.193267,-344.430635
"19.97758863860817",38.193267,-344.430635
"7.116993413931389",38.193267,-344.430635
"1.947139509100201",38.193267,-344.430635
"28.78622965758669",38.19525530504765,-344.42942693058774
"6.259460258968584",38.19447061586773,-344.42889415410764
"14.99917538960363",38.193841596993984,-344.43034435950983
"25.83992437857632",38.19508891165014,-344.42944374951634
"28.00170360453155",38.19363389343257,-344.43037413116235
"7.592980145757769",38.19469911804362,-344.4289517969011
"5.7767284715095215",38.195103838743414,-344.43012895835676
"25.77753130307573",38.19521609021992,-344.4299735427317
"26.526381371958312",38.193338093831876,-344.4303382342698
"14.30818885246442",38.19351587577799,-344.429888222837
"18.920163821390723",38.19508485656246,-344.42870124417
"12.312812792547",38.19402863958824,-344.4287232402763
"19.555545776603168",38.19514726516684,-344.4287199706208
"19.053657993235195",38.195421082079314,-344.4301918815084
"13.145723506064254",38.19349076459076,-344.43022567893956
"7.6087981969078875",38.195059853599076,-344.43046677849674
"21.754107619458356",38.195285382273674,-344.4302133020799
"25.65658012544016",38.19508985185406,-344.42929617616784
"7.316480773619606",38.19415222404039,-344.4299646210197
"7.011767522738795",38.19455264995808,-344.42906558062714
"17.335920589083283",38.19551474293095,-344.4302010777065
"4.513787690921168",38.19614015166867,-344.42986120289544
"30.05496353657576",38.19592924613847,-344.43007816882994
"26.736757566707475",38.19610964348262,-344.43004599215635
"9.448727287214968",38.19627724601395,-344.4299792257447
"29.176832860895043",38.19543845847709,-344.42914506134406
"29.387558129327854",38.19636435359207,-344.42930502013337
"11.67365285552757",38.195820537021724,-344.4294029114571
"11.602808236567798",38.19555537972061,-344.428846155641
"7.086507307960876",38.19572738575351,-344.4291035397812
"11.70178687582462",38.19624957220718,-344.4287202557058
"7.261456164187786",38.19614387286086,-344.4288597335808
"4.064106403710152",38.195741831336335,-344.42902819998415
"10.215760532375407",38.195896520568795,-344.4301435234053
"25.12579390517822",38.195428865172836,-344.4299325925428
"11.897729842258881",38.19544335306155,-344.4287004864164
"8.060588153397633",38.196134180946856,-344.4293732165282
"20.669177642106092",38.19617820231314,-344.429150900901
"9.514571946683256",38.19616807326792,-344.42891986663113
"22.055619141023463",38.19547430407893,-344.42950770263496
"13.503964892118413",38.19666830234426,-344.4297162228028
"30.14555109603018",38.19669585522495,-344.4298342853668
"23.304140455375393",38.196531152794925,-344.42872289713586
"21.881962599584945",38.1966870081378,-344.42828958321786
"30.42318551996937",38.196492086142406,-344.42967581068484
"20.905100938844875",38.19650360776272,-344.42920555017383
"6.553129336825757",38.19644833339661,-344.4293192607008
"25.129578982193177",38.1965110920043,-344.42971757115976
"18.607393368546017",38.196656046485586,-344.4300939377646
"20.30928077016977",38.196502397729596,-344.4302125057013
"14.634744323149853",38.19662788368444,-344.42985511724635
"12.445116585949853",38.19639910650374,-344.4286948325929
"26.798186591165766",38.196452667500765,-344.4293180473599
"22.31443245187818",38.19640372028768,-344.4287271898469
"21.728253341642684",38.19659891867996,-344.4289296852666
"3.6693697376647507",38.19647055975435,-344.4285213917976
"12.167817046850585",38.19665217043951,-344.42973030583534
"26.429232246962744",38.19642500782946,-344.43011740909446
"13.663488601001802",38.19657683615999,-344.4303174299236
"16.25137008525673",38.196483944865975,-344.4290516347622
